Ticket ID,Request Type,Customer,Summary,Description,Priority,Status,Assigned Agent,Internal Notes,Customer Response,Root Cause,Resolution,Escalation Decision
NS-1001,Login / Authentication,Acme Corp (CUST-001),MFA code rejection loop on primary admin account,"User John Doe (john.doe@acme.com) enters correct password and TOTP code from authenticator app, but system repeatedly displays 'Invalid MFA Token (ERR-401)' and locks out user.",P1 - Urgent,Resolved,Sarah Jenkins,Investigated server time drift on auth cluster node auth-prod-02. Clock drift of 45 seconds caused TOTP window mismatch. Resynced NTP service.,NTP clock drift on auth node resolved. User successfully authenticated after manual lockout clearance.,Infrastructure / Server Time Drift,Resynced NTP service on auth-prod-02 and cleared user lockout threshold in database.,Escalated to Tier 2 System Operations for node resynchronization.
NS-1002,Account Access,Apex Logistics (CUST-002),Newly provisioned dispatch manager lacks role permissions,User Sarah Connor (s.connor@apexlogistics.com) was assigned 'Dispatch Manager' role in portal but receives '403 Forbidden - Access Denied' when accessing Fleet Tracking module.,P2 - High,Resolved,Alex Rivera,Checked `user_roles` table in replica DB. Role ID 4 ('Dispatch Manager') was assigned in UI but mapping transaction failed to commit to `role_permissions` join table.,Database mapping updated. User Sarah Connor can now access the Fleet Tracking module.,Database State / Incomplete Transaction,Re-executed permission sync script via admin console and verified RBAC table entries.,Resolved at Tier 1 after diagnostic check with Tier 2 template.
NS-1003,Software Bug,Summit Financial (CUST-003),Q2 Expense Export crashes on CSV format selection,"Navigating to Analytics -> Expense Reports, selecting 'Q2 2026', and clicking 'Export as CSV' results in an uncaught 500 Internal Server Error page.",P2 - High,Escalated,Marcus Vance,Replicated issue in staging. Null values in `expense_category` column cause NullPointerException during CSV string formatting. Bug report BUG-001 logged for Tier 3 Engineering.,Issue identified as a software defect handling NULL expense categories. Escalated to Engineering for hotfix deployment.,Software Defect / Unhandled Null Pointer,Pending Tier 3 hotfix release v2.4.1. Workaround provided: Export as XLSX format.,Escalated to Tier 3 Engineering.
NS-1004,Data Issue,Beacon Health (CUST-004),Duplicate invoice records generated during monthly billing run,"Beacon Health account shows two identical invoices (INV-8801 and INV-8802) generated on August 1st for $4,500 each.",P1 - Urgent,Resolved,Elena Rostova,"Reviewed `account_billing` table. Billing cron worker retried job after network timeout, resulting in duplicate insert due to missing idempotency constraint.",Duplicate invoice INV-8802 voided and credit memo issued. Billing system updated.,Software Defect / Lack of Billing Idempotency,Voided INV-8802 in database and updated billing ledger. Created engineering ticket for idempotency key implementation.,Handled by Tier 2 Application Support Analyst in coordination with Finance.
NS-1005,Billing / Account Issue,Horizon Retail (CUST-005),Update credit card details failing with gateway token error,Admin attempting to update primary billing payment method receives error 'Gateway Response: Invalid Payment Method Token (ERR-PAY-902)'.,P3 - Medium,Waiting for Customer,Alex Rivera,Stripe payment gateway logs show expired authorization token. Requested customer attempt transaction in incognito window and confirm zip code mismatch.,Awaiting customer confirmation after instructing them to clear browser payment cache.,External Dependency / Stripe Token Expiration,Pending customer response.,Maintained at Tier 1 Support.
NS-1006,Feature Request,Vanguard Tech (CUST-006),Request for Webhook Notifications on Ticket Status Change,"Vanguard Tech IT department requests outbound webhook notifications when Northstar ticket status updates, allowing integration with their internal ServiceNow.",P4 - Low,Resolved,David Chen,Evaluated request against product roadmap. Feature is scheduled for Q4 release under Epic PROD-440.,Feature request reviewed and added to Northstar Q4 Product Roadmap (EPIC PROD-440).,Product Capability Gap / Feature Enhancement,Linked ticket to Product Backlog item and notified account CSM.,Reviewed by Product Manager (Marcus Vance).
NS-1007,Login / Authentication,Crestview Real Estate (CUST-007),SAML SSO assertion failure following Azure AD cert renewal,All Crestview users attempting SSO login receive 'SAML Assertion Signature Verification Failed' error screen.,P1 - Urgent,Resolved,Elena Rostova,Crestview IT updated their Azure AD signing certificate yesterday but failed to update the X.509 certificate string in Northstar SSO Settings portal.,New X.509 certificate uploaded to Northstar SSO configuration. SSO authentication restored for all users.,Customer Misconfiguration / Outdated SSO Certificate,Updated SAML metadata certificate in customer tenant configuration settings.,Resolved by Tier 2 Application Support Analyst.
NS-1008,Software Bug,Synergy Media (CUST-008),Bulk user import tool silently drops users with hyphens in email,"Importing a 50-user CSV drops 4 users whose email addresses contain hyphens (e.g., mary-jane@synergymedia.com). No error message displayed.",P2 - High,In Progress,Marcus Vance,Regex validation pattern in `UserImportService.java` strictly enforces `[a-zA-0-9._]+` and rejects `-`. Engineering creating patch.,Identified regex parsing issue in bulk importer. Hotfix patch being verified by QA.,Software Defect / Overly Restrictive Regex,In progress — patch deployment scheduled.,Escalated to Tier 3 Engineering.
NS-1009,Account Access,Acme Corp (CUST-001),Transfer Primary Owner privileges from departed employee,Former IT Director left company. Acme Corp requests transferring Primary Account Owner privileges to Jane Smith (j.smith@acme.com).,P2 - High,Resolved,Sarah Jenkins,Received signed authorization letter from Acme Corp CISO. Verified identity via phone callback. Updated `accounts` table `owner_user_id`.,Account ownership successfully transferred to Jane Smith following security verification.,Administrative Request / Account Transfer,Executed primary owner transfer in admin portal following security sign-off.,Resolved by Tier 1 Support Lead.
NS-1010,Data Issue,Apex Logistics (CUST-002),Historical telemetry reporting missing data for July 14th,"Fleet utilization dashboard displays 0 miles driven and 0 active assets for entire date of July 14th, 2026.",P3 - Medium,Resolved,Alex Rivera,"Data ingestion pipeline stalled on July 14 due to Kafka queue partition rebalance. Dead-letter queue held 14,000 unparsed telemetry events.",Re-driven stalled telemetry events from dead-letter queue. Dashboard now accurately displays July 14th metrics.,Data Pipeline / Unprocessed Kafka Dead-Letter Queue,Executed dead-letter queue replay script and verified database record counts.,Handled in coordination with Tier 2 Data Operations.
NS-1011,Billing / Account Issue,Summit Financial (CUST-003),Tiered user license seats not auto-expanding upon invitation,"Summit Financial purchased 100-seat tier. When attempting to invite 86th user, portal states 'Seat limit reached (85/85)'.",P3 - Medium,Resolved,David Chen,Sales contract addendum for +15 seats was approved last Friday but sales-to-support sync trigger in CRM failed to update `accounts.max_users`.,Account seat cap updated from 85 to 100 in production system.,CRM Integration Sync Failure,Manually updated `max_users = 100` in database and re-triggered CRM synchronization job.,Resolved at Tier 1 Support Operations.
NS-1012,Login / Authentication,Beacon Health (CUST-004),Password reset token expires instantly upon generation,"Users clicking 'Forgot Password' link receive email immediately, but clicking the link yields 'Password Reset Token Expired or Invalid'.",P1 - Urgent,Resolved,Elena Rostova,"Corporate email security scanner (Proofpoint) at Beacon Health pre-evaluates all incoming links, consuming the one-time token before user clicks.",Advised customer IT team to add Northstar password reset domain to Proofpoint link-rewriting bypass list.,Customer Email Security Scanner (Link Pre-Fetching),Configured reset link tokens to require POST confirmation step instead of GET single-use consumption.,Escalated to Tier 2 Application Support Analyst.
NS-1013,Software Bug,Horizon Retail (CUST-005),Inventory sync widget displays blank white screen on Safari browser,"Opening the Inventory Sync dashboard on macOS Safari 17.4 results in a blank white container, while working fine on Chrome.",P3 - Medium,In Progress,Marcus Vance,Console log shows `SyntaxError: Safari unsupported ECMAScript private field syntax (#privateMethod)` in bundled React JS asset.,Identified Webpack JS transpilation incompatibility with Safari 17.4. Engineering building babel polyfill fix.,Software Defect / Frontend Browser Transpilation,In progress — pending frontend hotfix release.,Escalated to Tier 3 Engineering.
NS-1014,Data Issue,Vanguard Tech (CUST-006),Resource allocation report shows negative hour balances,Project Managers viewing August resource allocation report see -14.5 hours for employee Mark Davis.,P2 - High,Resolved,Elena Rostova,Timecard entry table allowed overlapping PTO and active project hours due to missing client-side validation logic during time import.,Corrected corrupted timecard entry in database. Timecard validation constraint patch submitted.,Data Discrepancy / Overlapping Timecard Records,Executed SQL fix script to adjust conflicting time records and updated reporting view.,Resolved by Tier 2 Application Support Analyst.
NS-1015,Feature Request,Crestview Real Estate (CUST-007),Custom branding options for tenant client portal,Crestview requests capability to upload custom logo and define primary CSS hex colors for client-facing document portal.,P4 - Low,Open,Alex Rivera,Logged enhancement request in Jira Product Discovery board under ID JPD-112.,Feature request logged and sent to UX/Product design team for consideration.,Product Capability Gap / Theme Customization,Open — logged in Product Backlog.,Logged for Product Management review.
NS-1016,Account Access,Synergy Media (CUST-008),Bulk permission revoking failed midway through execution,"Admin attempted to remove 'Editor' role from 30 contractors. Script timed out after 12 users, leaving 18 contractors with active access.",P2 - High,Resolved,Sarah Jenkins,Batch transaction hit 30-second API gateway execution limit. Ran manual SQL script to complete revocation for remaining 18 users.,Completed permission revocation for all 18 remaining contractor accounts.,API Timeout / Batch Processing Constraint,Executed batch permission removal in backend database and verified audit log.,Resolved at Tier 1 Support Lead level.
NS-1017,Login / Authentication,Apex Logistics (CUST-002),Session timeout enforcing logout every 5 minutes unexpectedly,Warehouse supervisors report being logged out of handheld browser terminals every 5 minutes despite setting timeout to 8 hours.,P2 - High,Resolved,Alex Rivera,Cookie security flag `SameSite=Strict` caused session cookie invalidation when handheld devices roamed between Wi-Fi access points.,Session cookie policy adjusted to `SameSite=Lax` for mobile user agent profile.,Application Configuration / Session Cookie Policy,Updated session configuration settings in application control panel.,Handled by Tier 1 Support in consultation with Tier 2 Lead.
NS-1018,Billing / Account Issue,Acme Corp (CUST-001),Tax exempt certificate not reflecting on automated invoice,"Acme Corp submitted sales tax exemption certificate, but August invoice INV-9021 included $380 state sales tax.",P3 - Medium,Resolved,David Chen,"Tax exemption flag `is_tax_exempt` was set to true in customer profile, but AvaTax integration cached old taxable status.",Flushed AvaTax integration cache and reissued corrected tax-exempt invoice INV-9021-REV.,Third-Party Integration Cache / Tax Gateway,Reissued invoice without sales tax and verified AvaTax tax-exempt entity code.,Resolved by Tier 1 Support Operations.
NS-1019,Software Bug,Beacon Health (CUST-004),Patient scheduling calendar shifts appointments by 1 hour (DST issue),Appointments booked for November 2026 display 1 hour earlier on calendar view due to incorrect UTC offset calculation.,P2 - High,In Progress,Marcus Vance,"Date library `date-fns` was called without explicit IANA timezone string, causing local browser DST parsing discrepancy.",Identified timezone parsing bug during Daylight Saving Time transition window. Patch under development.,Software Defect / Timezone Parsing Defect,In progress — engineering applying explicit IANA timezone parsing.,Escalated to Tier 3 Engineering.
NS-1020,Data Issue,Summit Financial (CUST-003),GL Account Code mapping corrupted after nightly sync,"General Ledger account codes shifted by 1 column, mapping Revenue to Expense categories in executive dashboard.",P1 - Urgent,Resolved,Elena Rostova,"Nightly CSV ingestion pipeline encountered unexpected extra comma in customer department name field, misaligning array index mapping.",Corrected CSV parser quote-escaping rules and restored valid GL account mapping in database.,Data Ingestion / Unescaped Delimiter In Input Data,Ran database correction script and deployed RFC-4180 compliant CSV parsing rule.,Resolved by Tier 2 Application Support Analyst.
NS-1021,Login / Authentication,Horizon Retail (CUST-005),Active Directory LDAP sync dropping new store manager credentials,Store managers added to local Active Directory group `Northstar-Users` cannot log in via LDAP integration.,P2 - High,Resolved,Alex Rivera,LDAP base DN query path exceeded 256 character length limit in Northstar configuration settings.,Shortened LDAP OU search path in application configuration settings. Sync tested successfully.,Application Configuration / LDAP Search Path Constraint,Updated LDAP configuration string and executed manual directory sync.,Resolved at Tier 1 Support level.
NS-1022,Feature Request,Beacon Health (CUST-004),HIPAA Audit Trail Export with automated scheduled delivery,Beacon Health compliance officer requests automated weekly PDF export of user activity logs delivered to secure S3 bucket.,P3 - Medium,Open,David Chen,Evaluated against security compliance requirements. Logged in Product Backlog under FEAT-881.,Requirement captured and submitted to Product Security team for inclusion in Q1 release.,Product Capability Gap / Automated Compliance Export,Open — logged in Product Backlog.,Escalated to Product Management.
NS-1023,Software Bug,Crestview Real Estate (CUST-007),Property document upload button disabled for guest tenant accounts,"Guest tenant role should have upload rights to 'Maintenance Photos' folder, but button remains permanently disabled.",P3 - Medium,Resolved,Alex Rivera,Frontend UI component evaluated `user.is_guest` instead of `permission.can_upload_photos`. Fixed in hotfix v2.3.9.,Hotfix v2.3.9 deployed. Guest tenant upload button now functions correctly.,Software Defect / Logic Check Bug,Deployed frontend hotfix v2.3.9.,Resolved by Tier 1 in coordination with Release Management.
NS-1024,Account Access,Vanguard Tech (CUST-006),API Key generation tool throws 500 error for non-superadmin users,Developer role users attempting to generate API keys receive modal error 'Internal Server Error (500)'.,P2 - High,Resolved,Elena Rostova,Backend endpoint tried to write to `api_keys_audit` table without passing `created_by` user ID for non-superadmins.,Patched backend API controller to properly record creator user ID for developer role API keys.,Software Defect / Missing Foreign Key Parameter in API Handler,Hotfix applied to backend API service and verified with Vanguard Tech developers.,Resolved by Tier 2 Application Support Analyst.
NS-1025,Data Issue,Synergy Media (CUST-008),Analytics storage quota warning triggered in error,"Synergy Media account received alert 'Analytics storage at 98% capacity', but actual usage displays 42 GB out of 500 GB.",P3 - Medium,Resolved,Sarah Jenkins,Quota alert cron job queried `temp_analytics_scratch` table size instead of `production_analytics_storage` size.,Corrected cron query targeting analytics storage calculations. Quota alert cleared.,Application Logic / Misconfigured Cron Quota Query,Updated storage calculation script in production cron job.,Resolved by Tier 1 Support Lead.
